1599649928.237652,015bc7e7-2a5b-4b4e-9160-53f0d1be2b63,-72,1
1599649929.4655206,015bc7e7-2a5b-4b4e-9160-53f0d1be2b63,-73,2
1599649929.7480726,015bc7e7-2a5b-4b4e-9160-53f0d1be2b63,-74,3
1599649931.5200863,015bc7e7-2a5b-4b4e-9160-53f0d1be2b63,-73,4
1599649932.0643167,015bc7e7-2a5b-4b4e-9160-53f0d1be2b63,-71,5
1599649932.7496774,015bc7e7-2a5b-4b4e-9160-53f0d1be2b63,-71,6
1599649933.6964056,015bc7e7-2a5b-4b4e-9160-53f0d1be2b63,-71,7
1599649933.9593325,015bc7e7-2a5b-4b4e-9160-53f0d1be2b63,-72,8
1599649934.242159,015bc7e7-2a5b-4b4e-9160-53f0d1be2b63,-70,9
1599649934.5047362,015bc7e7-2a5b-4b4e-9160-53f0d1be2b63,-71,10
1599649934.7871456,015bc7e7-2a5b-4b4e-9160-53f0d1be2b63,-69,11
1599649935.21051,015bc7e7-2a5b-4b4e-9160-53f0d1be2b63,-70,12
1599649936.278067,015bc7e7-2a5b-4b4e-9160-53f0d1be2b63,-71,0
1599649936.7016137,015bc7e7-2a5b-4b4e-9160-53f0d1be2b63,-70,1
1599649937.2460692,015bc7e7-2a5b-4b4e-9160-53f0d1be2b63,-68,2
1599649937.3879676,015bc7e7-2a5b-4b4e-9160-53f0d1be2b63,-81,3
1599649937.5096307,015bc7e7-2a5b-4b4e-9160-53f0d1be2b63,-71,4
1599649938.1943777,015bc7e7-2a5b-4b4e-9160-53f0d1be2b63,-70,5
1599649938.4771652,015bc7e7-2a5b-4b4e-9160-53f0d1be2b63,-70,6
1599649938.8806307,015bc7e7-2a5b-4b4e-9160-53f0d1be2b63,-70,7
1599649939.163459,015bc7e7-2a5b-4b4e-9160-53f0d1be2b63,-70,8
1599649939.969537,015bc7e7-2a5b-4b4e-9160-53f0d1be2b63,-70,9
1599649940.232141,015bc7e7-2a5b-4b4e-9160-53f0d1be2b63,-70,10
1599649940.7764091,015bc7e7-2a5b-4b4e-9160-53f0d1be2b63,-69,11
1599649940.9181447,015bc7e7-2a5b-4b4e-9160-53f0d1be2b63,-81,12
1599649941.0597572,015bc7e7-2a5b-4b4e-9160-53f0d1be2b63,-70,0
1599649941.1810815,015bc7e7-2a5b-4b4e-9160-53f0d1be2b63,-83,1
1599649941.3226821,015bc7e7-2a5b-4b4e-9160-53f0d1be2b63,-69,2
1599649941.7256858,015bc7e7-2a5b-4b4e-9160-53f0d1be2b63,-80,3
1599649942.128875,015bc7e7-2a5b-4b4e-9160-53f0d1be2b63,-68,4
1599649942.2704887,015bc7e7-2a5b-4b4e-9160-53f0d1be2b63,-79,5
1599649942.4119248,015bc7e7-2a5b-4b4e-9160-53f0d1be2b63,-71,6
1599649942.6745574,015bc7e7-2a5b-4b4e-9160-53f0d1be2b63,-69,7
1599649942.8160756,015bc7e7-2a5b-4b4e-9160-53f0d1be2b63,-70,8
1599649942.9375613,015bc7e7-2a5b-4b4e-9160-53f0d1be2b63,-69,9
1599649943.6222224,015bc7e7-2a5b-4b4e-9160-53f0d1be2b63,-70,10
1599649943.9051309,015bc7e7-2a5b-4b4e-9160-53f0d1be2b63,-70,11
1599649944.1676192,015bc7e7-2a5b-4b4e-9160-53f0d1be2b63,-69,12
1599649944.3093596,015bc7e7-2a5b-4b4e-9160-53f0d1be2b63,-81,0
1599649944.450973,015bc7e7-2a5b-4b4e-9160-53f0d1be2b63,-68,1
1599649945.1357763,015bc7e7-2a5b-4b4e-9160-53f0d1be2b63,-71,2
1599649945.398239,015bc7e7-2a5b-4b4e-9160-53f0d1be2b63,-70,3
1599649946.083978,015bc7e7-2a5b-4b4e-9160-53f0d1be2b63,-69,4
1599649946.5078065,015bc7e7-2a5b-4b4e-9160-53f0d1be2b63,-82,5
1599649947.3135,015bc7e7-2a5b-4b4e-9160-53f0d1be2b63,-72,6
1599649947.857652,015bc7e7-2a5b-4b4e-9160-53f0d1be2b63,-68,7
1599649948.5426893,015bc7e7-2a5b-4b4e-9160-53f0d1be2b63,-83,8
1599649949.08701,015bc7e7-2a5b-4b4e-9160-53f0d1be2b63,-69,9
1599649949.6311593,015bc7e7-2a5b-4b4e-9160-53f0d1be2b63,-69,10
1599649950.3162186,015bc7e7-2a5b-4b4e-9160-53f0d1be2b63,-69,11
1599649950.5789838,015bc7e7-2a5b-4b4e-9160-53f0d1be2b63,-70,12
1599649950.8629344,015bc7e7-2a5b-4b4e-9160-53f0d1be2b63,-69,0
1599649951.125461,015bc7e7-2a5b-4b4e-9160-53f0d1be2b63,-70,1
1599649952.0921988,015bc7e7-2a5b-4b4e-9160-53f0d1be2b63,-69,2
1599649952.3550708,015bc7e7-2a5b-4b4e-9160-53f0d1be2b63,-70,3
1599649953.1810489,015bc7e7-2a5b-4b4e-9160-53f0d1be2b63,-69,4
1599649953.584356,015bc7e7-2a5b-4b4e-9160-53f0d1be2b63,-81,5
1599649954.1286645,015bc7e7-2a5b-4b4e-9160-53f0d1be2b63,-71,6
1599649954.4113302,015bc7e7-2a5b-4b4e-9160-53f0d1be2b63,-70,7
1599649954.9353385,015bc7e7-2a5b-4b4e-9160-53f0d1be2b63,-70,8
1599649955.3587646,015bc7e7-2a5b-4b4e-9160-53f0d1be2b63,-68,9
1599649956.3256426,015bc7e7-2a5b-4b4e-9160-53f0d1be2b63,-70,10
1599649956.5887995,015bc7e7-2a5b-4b4e-9160-53f0d1be2b63,-70,11
1599649956.8715384,015bc7e7-2a5b-4b4e-9160-53f0d1be2b63,-70,12
1599649957.818151,015bc7e7-2a5b-4b4e-9160-53f0d1be2b63,-69,0
1599649958.5032985,015bc7e7-2a5b-4b4e-9160-53f0d1be2b63,-70,1
1599649958.9270422,015bc7e7-2a5b-4b4e-9160-53f0d1be2b63,-82,2
1599649959.0491076,015bc7e7-2a5b-4b4e-9160-53f0d1be2b63,-70,3
1599649959.4727829,015bc7e7-2a5b-4b4e-9160-53f0d1be2b63,-69,4
1599649959.735304,015bc7e7-2a5b-4b4e-9160-53f0d1be2b63,-70,5
1599649960.2795825,015bc7e7-2a5b-4b4e-9160-53f0d1be2b63,-69,6
1599649960.964971,015bc7e7-2a5b-4b4e-9160-53f0d1be2b63,-71,7
1599649961.2476113,015bc7e7-2a5b-4b4e-9160-53f0d1be2b63,-70,8
1599649961.7918258,015bc7e7-2a5b-4b4e-9160-53f0d1be2b63,-69,9
1599649962.195097,015bc7e7-2a5b-4b4e-9160-53f0d1be2b63,-70,10
1599649962.4777505,015bc7e7-2a5b-4b4e-9160-53f0d1be2b63,-70,11
1599649963.2841756,015bc7e7-2a5b-4b4e-9160-53f0d1be2b63,-70,12
1599649963.4251132,015bc7e7-2a5b-4b4e-9160-53f0d1be2b63,-84,0
1599649963.5459764,015bc7e7-2a5b-4b4e-9160-53f0d1be2b63,-68,1
1599649965.3166392,015bc7e7-2a5b-4b4e-9160-53f0d1be2b63,-69,2
1599649965.5994298,015bc7e7-2a5b-4b4e-9160-53f0d1be2b63,-70,3
1599649966.0033705,015bc7e7-2a5b-4b4e-9160-53f0d1be2b63,-69,4
1599649966.1454198,015bc7e7-2a5b-4b4e-9160-53f0d1be2b63,-80,5
1599649966.428044,015bc7e7-2a5b-4b4e-9160-53f0d1be2b63,-80,6
1599649966.5500417,015bc7e7-2a5b-4b4e-9160-53f0d1be2b63,-69,7
1599649966.8328881,015bc7e7-2a5b-4b4e-9160-53f0d1be2b63,-70,8
1599649967.0957744,015bc7e7-2a5b-4b4e-9160-53f0d1be2b63,-70,9
1599649967.6403692,015bc7e7-2a5b-4b4e-9160-53f0d1be2b63,-76,10
1599649967.9033017,015bc7e7-2a5b-4b4e-9160-53f0d1be2b63,-69,11
1599649968.4479773,015bc7e7-2a5b-4b4e-9160-53f0d1be2b63,-69,12
1599649969.1338701,015bc7e7-2a5b-4b4e-9160-53f0d1be2b63,-69,0
1599649969.679934,015bc7e7-2a5b-4b4e-9160-53f0d1be2b63,-68,1
1599649969.9427161,015bc7e7-2a5b-4b4e-9160-53f0d1be2b63,-68,2
1599649972.1373124,015bc7e7-2a5b-4b4e-9160-53f0d1be2b63,-69,3
1599649972.5411172,015bc7e7-2a5b-4b4e-9160-53f0d1be2b63,-76,4
1599649972.8237433,015bc7e7-2a5b-4b4e-9160-53f0d1be2b63,-79,5
1599649974.0320628,015bc7e7-2a5b-4b4e-9160-53f0d1be2b63,-69,6
1599649975.5228236,015bc7e7-2a5b-4b4e-9160-53f0d1be2b63,-70,7
1599649975.7864826,015bc7e7-2a5b-4b4e-9160-53f0d1be2b63,-70,8
1599649976.7536547,015bc7e7-2a5b-4b4e-9160-53f0d1be2b63,-70,9
1599649977.0160558,015bc7e7-2a5b-4b4e-9160-53f0d1be2b63,-69,10
1599649977.2986002,015bc7e7-2a5b-4b4e-9160-53f0d1be2b63,-74,11
1599649977.4405272,015bc7e7-2a5b-4b4e-9160-53f0d1be2b63,-69,12
1599649977.722834,015bc7e7-2a5b-4b4e-9160-53f0d1be2b63,-70,0
1599649977.985208,015bc7e7-2a5b-4b4e-9160-53f0d1be2b63,-68,1
1599649978.529588,015bc7e7-2a5b-4b4e-9160-53f0d1be2b63,-69,2
1599649978.9532661,015bc7e7-2a5b-4b4e-9160-53f0d1be2b63,-69,3
1599649979.2156847,015bc7e7-2a5b-4b4e-9160-53f0d1be2b63,-68,4
1599649979.5988412,015bc7e7-2a5b-4b4e-9160-53f0d1be2b63,-69,5
1599649980.4249468,015bc7e7-2a5b-4b4e-9160-53f0d1be2b63,-81,6
1599649980.5669577,015bc7e7-2a5b-4b4e-9160-53f0d1be2b63,-68,7
1599649980.70843,015bc7e7-2a5b-4b4e-9160-53f0d1be2b63,-79,8
1599649980.97071,015bc7e7-2a5b-4b4e-9160-53f0d1be2b63,-78,9
1599649981.233241,015bc7e7-2a5b-4b4e-9160-53f0d1be2b63,-72,10
1599649981.9184604,015bc7e7-2a5b-4b4e-9160-53f0d1be2b63,-68,11
1599649982.0404756,015bc7e7-2a5b-4b4e-9160-53f0d1be2b63,-78,12
1599649982.1820269,015bc7e7-2a5b-4b4e-9160-53f0d1be2b63,-69,0
1599649982.3233001,015bc7e7-2a5b-4b4e-9160-53f0d1be2b63,-79,1
1599649983.1491644,015bc7e7-2a5b-4b4e-9160-53f0d1be2b63,-68,2
1599649984.6391096,015bc7e7-2a5b-4b4e-9160-53f0d1be2b63,-76,3
1599649985.1832974,015bc7e7-2a5b-4b4e-9160-53f0d1be2b63,-67,4
1599649985.4460936,015bc7e7-2a5b-4b4e-9160-53f0d1be2b63,-68,5
1599649985.7287843,015bc7e7-2a5b-4b4e-9160-53f0d1be2b63,-67,6
1599649985.8709261,015bc7e7-2a5b-4b4e-9160-53f0d1be2b63,-79,7
1599649986.2545142,015bc7e7-2a5b-4b4e-9160-53f0d1be2b63,-67,8
1599649986.5377777,015bc7e7-2a5b-4b4e-9160-53f0d1be2b63,-68,9
1599649986.800299,015bc7e7-2a5b-4b4e-9160-53f0d1be2b63,-69,10
1599649986.9421453,015bc7e7-2a5b-4b4e-9160-53f0d1be2b63,-74,11
1599649987.3452547,015bc7e7-2a5b-4b4e-9160-53f0d1be2b63,-69,12
1599649988.151672,015bc7e7-2a5b-4b4e-9160-53f0d1be2b63,-68,0
1599649988.837144,015bc7e7-2a5b-4b4e-9160-53f0d1be2b63,-81,1
1599649989.7841194,015bc7e7-2a5b-4b4e-9160-53f0d1be2b63,-76,2
1599649989.925875,015bc7e7-2a5b-4b4e-9160-53f0d1be2b63,-69,3
1599649990.067894,015bc7e7-2a5b-4b4e-9160-53f0d1be2b63,-81,4
1599649990.8741555,015bc7e7-2a5b-4b4e-9160-53f0d1be2b63,-68,5
1599649991.157171,015bc7e7-2a5b-4b4e-9160-53f0d1be2b63,-68,6
1599649991.580873,015bc7e7-2a5b-4b4e-9160-53f0d1be2b63,-70,7
1599649991.984077,015bc7e7-2a5b-4b4e-9160-53f0d1be2b63,-70,8
1599649992.125709,015bc7e7-2a5b-4b4e-9160-53f0d1be2b63,-81,9
1599649992.5489833,015bc7e7-2a5b-4b4e-9160-53f0d1be2b63,-78,10
1599649992.670703,015bc7e7-2a5b-4b4e-9160-53f0d1be2b63,-69,11
1599649993.3757699,015bc7e7-2a5b-4b4e-9160-53f0d1be2b63,-68,12
1599649993.63811,015bc7e7-2a5b-4b4e-9160-53f0d1be2b63,-69,0
1599649994.0616286,015bc7e7-2a5b-4b4e-9160-53f0d1be2b63,-69,1
1599649994.2039082,015bc7e7-2a5b-4b4e-9160-53f0d1be2b63,-88,2
1599649996.0962718,015bc7e7-2a5b-4b4e-9160-53f0d1be2b63,-68,3
1599649996.3788905,015bc7e7-2a5b-4b4e-9160-53f0d1be2b63,-68,4
1599649996.6413908,015bc7e7-2a5b-4b4e-9160-53f0d1be2b63,-70,5
1599649996.9241242,015bc7e7-2a5b-4b4e-9160-53f0d1be2b63,-68,6
1599649997.1871145,015bc7e7-2a5b-4b4e-9160-53f0d1be2b63,-69,7
1599649997.5911496,015bc7e7-2a5b-4b4e-9160-53f0d1be2b63,-69,8
1599649997.8737972,015bc7e7-2a5b-4b4e-9160-53f0d1be2b63,-68,9
1599649998.1365094,015bc7e7-2a5b-4b4e-9160-53f0d1be2b63,-69,10
1599649998.4190962,015bc7e7-2a5b-4b4e-9160-53f0d1be2b63,-69,11
1599649998.6815295,015bc7e7-2a5b-4b4e-9160-53f0d1be2b63,-69,12
1599649999.2260537,015bc7e7-2a5b-4b4e-9160-53f0d1be2b63,-69,0
1599649999.77053,015bc7e7-2a5b-4b4e-9160-53f0d1be2b63,-69,1
1599650000.0328248,015bc7e7-2a5b-4b4e-9160-53f0d1be2b63,-69,2
1599650000.9996805,015bc7e7-2a5b-4b4e-9160-53f0d1be2b63,-71,3
1599650001.2622402,015bc7e7-2a5b-4b4e-9160-53f0d1be2b63,-70,4
1599650001.5247626,015bc7e7-2a5b-4b4e-9160-53f0d1be2b63,-70,5
1599650001.8073215,015bc7e7-2a5b-4b4e-9160-53f0d1be2b63,-71,6
1599650001.949124,015bc7e7-2a5b-4b4e-9160-53f0d1be2b63,-80,7
1599650002.0709524,015bc7e7-2a5b-4b4e-9160-53f0d1be2b63,-70,8
1599650002.2127879,015bc7e7-2a5b-4b4e-9160-53f0d1be2b63,-78,9
1599650002.475306,015bc7e7-2a5b-4b4e-9160-53f0d1be2b63,-80,10
1599650003.0396035,015bc7e7-2a5b-4b4e-9160-53f0d1be2b63,-69,11
1599650003.1612039,015bc7e7-2a5b-4b4e-9160-53f0d1be2b63,-79,12
1599650003.7049289,015bc7e7-2a5b-4b4e-9160-53f0d1be2b63,-81,0
1599650004.1081812,015bc7e7-2a5b-4b4e-9160-53f0d1be2b63,-70,1
1599650004.2699285,015bc7e7-2a5b-4b4e-9160-53f0d1be2b63,-69,2
1599650004.5322664,015bc7e7-2a5b-4b4e-9160-53f0d1be2b63,-79,3
1599650004.9355907,015bc7e7-2a5b-4b4e-9160-53f0d1be2b63,-78,4
1599650005.7616792,015bc7e7-2a5b-4b4e-9160-53f0d1be2b63,-70,5
1599650006.024273,015bc7e7-2a5b-4b4e-9160-53f0d1be2b63,-70,6
1599650006.2873244,015bc7e7-2a5b-4b4e-9160-53f0d1be2b63,-77,7
1599650006.9927063,015bc7e7-2a5b-4b4e-9160-53f0d1be2b63,-77,8
1599650007.5368576,015bc7e7-2a5b-4b4e-9160-53f0d1be2b63,-69,9
1599650007.799205,015bc7e7-2a5b-4b4e-9160-53f0d1be2b63,-69,11
1599650008.061618,015bc7e7-2a5b-4b4e-9160-53f0d1be2b63,-68,12
1599650008.8877106,015bc7e7-2a5b-4b4e-9160-53f0d1be2b63,-69,0
1599650009.0096297,015bc7e7-2a5b-4b4e-9160-53f0d1be2b63,-80,1
1599650009.1510456,015bc7e7-2a5b-4b4e-9160-53f0d1be2b63,-69,2
1599650009.695015,015bc7e7-2a5b-4b4e-9160-53f0d1be2b63,-68,3
1599650009.957627,015bc7e7-2a5b-4b4e-9160-53f0d1be2b63,-69,4
1599650010.2402887,015bc7e7-2a5b-4b4e-9160-53f0d1be2b63,-69,5
1599650010.3818357,015bc7e7-2a5b-4b4e-9160-53f0d1be2b63,-77,6
1599650011.4693108,015bc7e7-2a5b-4b4e-9160-53f0d1be2b63,-69,7
1599650011.5907075,015bc7e7-2a5b-4b4e-9160-53f0d1be2b63,-77,8
1599650011.7322757,015bc7e7-2a5b-4b4e-9160-53f0d1be2b63,-70,9
1599650012.0147555,015bc7e7-2a5b-4b4e-9160-53f0d1be2b63,-69,10
1599650012.1365983,015bc7e7-2a5b-4b4e-9160-53f0d1be2b63,-76,11
1599650012.2778916,015bc7e7-2a5b-4b4e-9160-53f0d1be2b63,-70,12
1599650012.6809459,015bc7e7-2a5b-4b4e-9160-53f0d1be2b63,-69,0
1599650012.943414,015bc7e7-2a5b-4b4e-9160-53f0d1be2b63,-79,1
1599650013.08527,015bc7e7-2a5b-4b4e-9160-53f0d1be2b63,-70,2
1599650013.226683,015bc7e7-2a5b-4b4e-9160-53f0d1be2b63,-69,3
1599650013.5094314,015bc7e7-2a5b-4b4e-9160-53f0d1be2b63,-69,4
1599650013.7717679,015bc7e7-2a5b-4b4e-9160-53f0d1be2b63,-69,5
1599650014.054438,015bc7e7-2a5b-4b4e-9160-53f0d1be2b63,-70,6
1599650015.0011384,015bc7e7-2a5b-4b4e-9160-53f0d1be2b63,-69,7
1599650015.142872,015bc7e7-2a5b-4b4e-9160-53f0d1be2b63,-77,8
1599650015.2847323,015bc7e7-2a5b-4b4e-9160-53f0d1be2b63,-71,9
1599650015.5670462,015bc7e7-2a5b-4b4e-9160-53f0d1be2b63,-78,10
1599650015.829463,015bc7e7-2a5b-4b4e-9160-53f0d1be2b63,-77,11
1599650016.3736908,015bc7e7-2a5b-4b4e-9160-53f0d1be2b63,-69,12
1599650016.6561792,015bc7e7-2a5b-4b4e-9160-53f0d1be2b63,-70,0
1599650016.918548,015bc7e7-2a5b-4b4e-9160-53f0d1be2b63,-69,1
1599650017.2011173,015bc7e7-2a5b-4b4e-9160-53f0d1be2b63,-70,2
1599650017.4636488,015bc7e7-2a5b-4b4e-9160-53f0d1be2b63,-68,3
1599650017.7262785,015bc7e7-2a5b-4b4e-9160-53f0d1be2b63,-69,4
1599650018.008929,015bc7e7-2a5b-4b4e-9160-53f0d1be2b63,-69,5
1599650018.27138,015bc7e7-2a5b-4b4e-9160-53f0d1be2b63,-69,6
1599650018.4133337,015bc7e7-2a5b-4b4e-9160-53f0d1be2b63,-85,7
1599650018.6758697,015bc7e7-2a5b-4b4e-9160-53f0d1be2b63,-80,8
1599650018.8176033,015bc7e7-2a5b-4b4e-9160-53f0d1be2b63,-69,9
1599650018.9591522,015bc7e7-2a5b-4b4e-9160-53f0d1be2b63,-79,10
1599650019.2421327,015bc7e7-2a5b-4b4e-9160-53f0d1be2b63,-69,11
1599650019.645371,015bc7e7-2a5b-4b4e-9160-53f0d1be2b63,-78,12
1599650019.9079556,015bc7e7-2a5b-4b4e-9160-53f0d1be2b63,-79,0
1599650020.1908107,015bc7e7-2a5b-4b4e-9160-53f0d1be2b63,-78,1
1599650020.5942795,015bc7e7-2a5b-4b4e-9160-53f0d1be2b63,-68,2
1599650021.259267,015bc7e7-2a5b-4b4e-9160-53f0d1be2b63,-80,3
1599650021.400938,015bc7e7-2a5b-4b4e-9160-53f0d1be2b63,-67,4
1599650021.5228562,015bc7e7-2a5b-4b4e-9160-53f0d1be2b63,-77,5
1599650021.6644297,015bc7e7-2a5b-4b4e-9160-53f0d1be2b63,-68,6
1599650021.8059142,015bc7e7-2a5b-4b4e-9160-53f0d1be2b63,-75,7
1599650022.3500757,015bc7e7-2a5b-4b4e-9160-53f0d1be2b63,-75,8
1599650023.0148616,015bc7e7-2a5b-4b4e-9160-53f0d1be2b63,-68,9
1599650023.1567364,015bc7e7-2a5b-4b4e-9160-53f0d1be2b63,-75,10
1599650023.4190774,015bc7e7-2a5b-4b4e-9160-53f0d1be2b63,-77,11
1599650023.560648,015bc7e7-2a5b-4b4e-9160-53f0d1be2b63,-67,12
1599650023.7020814,015bc7e7-2a5b-4b4e-9160-53f0d1be2b63,-78,0
1599650023.8234546,015bc7e7-2a5b-4b4e-9160-53f0d1be2b63,-67,1
1599650024.5081294,015bc7e7-2a5b-4b4e-9160-53f0d1be2b63,-67,2
1599650024.7713146,015bc7e7-2a5b-4b4e-9160-53f0d1be2b63,-69,3
1599650025.0541637,015bc7e7-2a5b-4b4e-9160-53f0d1be2b63,-68,4
1599650025.1959217,015bc7e7-2a5b-4b4e-9160-53f0d1be2b63,-77,5
1599650025.3376615,015bc7e7-2a5b-4b4e-9160-53f0d1be2b63,-75,6
1599650025.882013,015bc7e7-2a5b-4b4e-9160-53f0d1be2b63,-78,7
1599650026.1444166,015bc7e7-2a5b-4b4e-9160-53f0d1be2b63,-76,8
1599650026.2862885,015bc7e7-2a5b-4b4e-9160-53f0d1be2b63,-68,9
1599650026.8302152,015bc7e7-2a5b-4b4e-9160-53f0d1be2b63,-77,10
1599650026.9719975,015bc7e7-2a5b-4b4e-9160-53f0d1be2b63,-69,11
1599650027.1133885,015bc7e7-2a5b-4b4e-9160-53f0d1be2b63,-78,12
1599650027.254912,015bc7e7-2a5b-4b4e-9160-53f0d1be2b63,-68,0
1599650027.9400382,015bc7e7-2a5b-4b4e-9160-53f0d1be2b63,-68,1
1599650028.0615468,015bc7e7-2a5b-4b4e-9160-53f0d1be2b63,-77,2
1599650028.2028408,015bc7e7-2a5b-4b4e-9160-53f0d1be2b63,-68,3
1599650028.4650166,015bc7e7-2a5b-4b4e-9160-53f0d1be2b63,-67,4
1599650028.6068952,015bc7e7-2a5b-4b4e-9160-53f0d1be2b63,-80,5
1599650028.7484019,015bc7e7-2a5b-4b4e-9160-53f0d1be2b63,-68,6
1599650028.8699536,015bc7e7-2a5b-4b4e-9160-53f0d1be2b63,-77,7
1599650029.011292,015bc7e7-2a5b-4b4e-9160-53f0d1be2b63,-68,8
1599650029.2734582,015bc7e7-2a5b-4b4e-9160-53f0d1be2b63,-68,9
1599650029.4155023,015bc7e7-2a5b-4b4e-9160-53f0d1be2b63,-77,10
1599650029.6978173,015bc7e7-2a5b-4b4e-9160-53f0d1be2b63,-79,11
1599650029.8192585,015bc7e7-2a5b-4b4e-9160-53f0d1be2b63,-67,12
1599650029.960744,015bc7e7-2a5b-4b4e-9160-53f0d1be2b63,-77,0
1599650030.927355,015bc7e7-2a5b-4b4e-9160-53f0d1be2b63,-67,1
1599650031.2101107,015bc7e7-2a5b-4b4e-9160-53f0d1be2b63,-67,2
1599650031.4723666,015bc7e7-2a5b-4b4e-9160-53f0d1be2b63,-67,3
1599650031.614098,015bc7e7-2a5b-4b4e-9160-53f0d1be2b63,-77,4
1599650031.8966467,015bc7e7-2a5b-4b4e-9160-53f0d1be2b63,-68,5
1599650032.0383804,015bc7e7-2a5b-4b4e-9160-53f0d1be2b63,-77,6
1599650032.159763,015bc7e7-2a5b-4b4e-9160-53f0d1be2b63,-67,7
1599650032.4420917,015bc7e7-2a5b-4b4e-9160-53f0d1be2b63,-69,8
1599650032.8454616,015bc7e7-2a5b-4b4e-9160-53f0d1be2b63,-67,9
1599650033.8122814,015bc7e7-2a5b-4b4e-9160-53f0d1be2b63,-67,10
1599650033.9541411,015bc7e7-2a5b-4b4e-9160-53f0d1be2b63,-77,11
1599650034.3774393,015bc7e7-2a5b-4b4e-9160-53f0d1be2b63,-76,12
1599650034.499305,015bc7e7-2a5b-4b4e-9160-53f0d1be2b63,-67,0
1599650034.6410003,015bc7e7-2a5b-4b4e-9160-53f0d1be2b63,-75,1
1599650034.7624574,015bc7e7-2a5b-4b4e-9160-53f0d1be2b63,-67,2
1599650034.9038339,015bc7e7-2a5b-4b4e-9160-53f0d1be2b63,-76,3
1599650035.0454023,015bc7e7-2a5b-4b4e-9160-53f0d1be2b63,-67,4
1599650035.1868773,015bc7e7-2a5b-4b4e-9160-53f0d1be2b63,-79,5
1599650035.3082504,015bc7e7-2a5b-4b4e-9160-53f0d1be2b63,-67,6
1599650035.4503126,015bc7e7-2a5b-4b4e-9160-53f0d1be2b63,-78,7
1599650035.9944024,015bc7e7-2a5b-4b4e-9160-53f0d1be2b63,-67,8
1599650036.5393322,015bc7e7-2a5b-4b4e-9160-53f0d1be2b63,-65,9
1599650036.6808622,015bc7e7-2a5b-4b4e-9160-53f0d1be2b63,-75,10
1599650037.3657851,015bc7e7-2a5b-4b4e-9160-53f0d1be2b63,-75,11
1599650037.507579,015bc7e7-2a5b-4b4e-9160-53f0d1be2b63,-67,12
1599650037.6289997,015bc7e7-2a5b-4b4e-9160-53f0d1be2b63,-78,0
1599650037.7708287,015bc7e7-2a5b-4b4e-9160-53f0d1be2b63,-67,1
1599650038.1738737,015bc7e7-2a5b-4b4e-9160-53f0d1be2b63,-79,2
1599650038.3162043,015bc7e7-2a5b-4b4e-9160-53f0d1be2b63,-67,3
1599650038.7193818,015bc7e7-2a5b-4b4e-9160-53f0d1be2b63,-79,4
1599650038.8610754,015bc7e7-2a5b-4b4e-9160-53f0d1be2b63,-70,5
1599650039.2644045,015bc7e7-2a5b-4b4e-9160-53f0d1be2b63,-80,6
1599650039.8089733,015bc7e7-2a5b-4b4e-9160-53f0d1be2b63,-70,7
1599650040.3534787,015bc7e7-2a5b-4b4e-9160-53f0d1be2b63,-68,8
1599650040.6160262,015bc7e7-2a5b-4b4e-9160-53f0d1be2b63,-69,9
1599650040.7578335,015bc7e7-2a5b-4b4e-9160-53f0d1be2b63,-76,10
1599650040.8993819,015bc7e7-2a5b-4b4e-9160-53f0d1be2b63,-75,11
1599650041.8456886,015bc7e7-2a5b-4b4e-9160-53f0d1be2b63,-71,12
1599650042.1283412,015bc7e7-2a5b-4b4e-9160-53f0d1be2b63,-72,0
1599650042.3907182,015bc7e7-2a5b-4b4e-9160-53f0d1be2b63,-71,1
1599650042.6532032,015bc7e7-2a5b-4b4e-9160-53f0d1be2b63,-71,2
1599650042.7949212,015bc7e7-2a5b-4b4e-9160-53f0d1be2b63,-78,3
1599650043.3593936,015bc7e7-2a5b-4b4e-9160-53f0d1be2b63,-67,4
1599650044.044686,015bc7e7-2a5b-4b4e-9160-53f0d1be2b63,-68,5
1599650044.3089497,015bc7e7-2a5b-4b4e-9160-53f0d1be2b63,-68,6
1599650044.4506319,015bc7e7-2a5b-4b4e-9160-53f0d1be2b63,-78,7
1599650044.7329342,015bc7e7-2a5b-4b4e-9160-53f0d1be2b63,-77,8
1599650044.9955764,015bc7e7-2a5b-4b4e-9160-53f0d1be2b63,-66,9
1599650045.5399523,015bc7e7-2a5b-4b4e-9160-53f0d1be2b63,-66,10
1599650046.1043851,015bc7e7-2a5b-4b4e-9160-53f0d1be2b63,-77,11
1599650046.2264082,015bc7e7-2a5b-4b4e-9160-53f0d1be2b63,-66,12
1599650046.6496425,015bc7e7-2a5b-4b4e-9160-53f0d1be2b63,-77,0
1599650046.771591,015bc7e7-2a5b-4b4e-9160-53f0d1be2b63,-66,1
1599650047.054524,015bc7e7-2a5b-4b4e-9160-53f0d1be2b63,-77,2
1599650047.7399442,015bc7e7-2a5b-4b4e-9160-53f0d1be2b63,-68,3
1599650048.2841227,015bc7e7-2a5b-4b4e-9160-53f0d1be2b63,-73,4
1599650049.2308776,015bc7e7-2a5b-4b4e-9160-53f0d1be2b63,-73,5
1599650049.7756867,015bc7e7-2a5b-4b4e-9160-53f0d1be2b63,-74,6
1599650050.038118,015bc7e7-2a5b-4b4e-9160-53f0d1be2b63,-73,7
1599650050.3207924,015bc7e7-2a5b-4b4e-9160-53f0d1be2b63,-74,8
1599650050.865168,015bc7e7-2a5b-4b4e-9160-53f0d1be2b63,-74,9
1599650050.9868448,015bc7e7-2a5b-4b4e-9160-53f0d1be2b63,-79,10
1599650051.5508306,015bc7e7-2a5b-4b4e-9160-53f0d1be2b63,-74,11
1599650051.8133364,015bc7e7-2a5b-4b4e-9160-53f0d1be2b63,-74,12
1599650052.4984279,015bc7e7-2a5b-4b4e-9160-53f0d1be2b63,-71,0
1599650052.781067,015bc7e7-2a5b-4b4e-9160-53f0d1be2b63,-73,1
1599650053.043625,015bc7e7-2a5b-4b4e-9160-53f0d1be2b63,-73,2
1599650053.3063061,015bc7e7-2a5b-4b4e-9160-53f0d1be2b63,-71,3
1599650053.7302415,015bc7e7-2a5b-4b4e-9160-53f0d1be2b63,-77,4
1599650054.133444,015bc7e7-2a5b-4b4e-9160-53f0d1be2b63,-74,5
1599650054.2751477,015bc7e7-2a5b-4b4e-9160-53f0d1be2b63,-67,6
1599650054.5381186,015bc7e7-2a5b-4b4e-9160-53f0d1be2b63,-66,7
1599650054.6799698,015bc7e7-2a5b-4b4e-9160-53f0d1be2b63,-74,8
1599650055.0832727,015bc7e7-2a5b-4b4e-9160-53f0d1be2b63,-66,9
1599650055.2249863,015bc7e7-2a5b-4b4e-9160-53f0d1be2b63,-73,10
1599650055.6284466,015bc7e7-2a5b-4b4e-9160-53f0d1be2b63,-66,11
1599650055.7700741,015bc7e7-2a5b-4b4e-9160-53f0d1be2b63,-74,12
1599650056.1732044,015bc7e7-2a5b-4b4e-9160-53f0d1be2b63,-66,0
1599650056.3147986,015bc7e7-2a5b-4b4e-9160-53f0d1be2b63,-66,1
1599650057.0000803,015bc7e7-2a5b-4b4e-9160-53f0d1be2b63,-74,2
1599650057.2827659,015bc7e7-2a5b-4b4e-9160-53f0d1be2b63,-67,3
1599650057.4046037,015bc7e7-2a5b-4b4e-9160-53f0d1be2b63,-74,4
1599650057.546092,015bc7e7-2a5b-4b4e-9160-53f0d1be2b63,-66,5
1599650057.6875505,015bc7e7-2a5b-4b4e-9160-53f0d1be2b63,-74,6
1599650057.8091214,015bc7e7-2a5b-4b4e-9160-53f0d1be2b63,-66,7
1599650057.9506674,015bc7e7-2a5b-4b4e-9160-53f0d1be2b63,-73,8
1599650058.0922244,015bc7e7-2a5b-4b4e-9160-53f0d1be2b63,-65,9
1599650058.214071,015bc7e7-2a5b-4b4e-9160-53f0d1be2b63,-74,10
1599650058.4969366,015bc7e7-2a5b-4b4e-9160-53f0d1be2b63,-74,11
1599650058.920765,015bc7e7-2a5b-4b4e-9160-53f0d1be2b63,-74,12
1599650059.0429306,015bc7e7-2a5b-4b4e-9160-53f0d1be2b63,-66,0
1599650059.4669092,015bc7e7-2a5b-4b4e-9160-53f0d1be2b63,-67,1
1599650059.7299728,015bc7e7-2a5b-4b4e-9160-53f0d1be2b63,-66,2
1599650059.8721983,015bc7e7-2a5b-4b4e-9160-53f0d1be2b63,-79,3
1599650059.9942126,015bc7e7-2a5b-4b4e-9160-53f0d1be2b63,-66,4
1599650060.4176393,015bc7e7-2a5b-4b4e-9160-53f0d1be2b63,-75,5
1599650060.6805608,015bc7e7-2a5b-4b4e-9160-53f0d1be2b63,-74,6
1599650060.96334,015bc7e7-2a5b-4b4e-9160-53f0d1be2b63,-75,7
1599650061.0854285,015bc7e7-2a5b-4b4e-9160-53f0d1be2b63,-66,8
1599650061.2276003,015bc7e7-2a5b-4b4e-9160-53f0d1be2b63,-76,9
1599650061.5102274,015bc7e7-2a5b-4b4e-9160-53f0d1be2b63,-66,10
1599650062.1957355,015bc7e7-2a5b-4b4e-9160-53f0d1be2b63,-66,11
1599650062.3379395,015bc7e7-2a5b-4b4e-9160-53f0d1be2b63,-74,12
1599650063.2853012,015bc7e7-2a5b-4b4e-9160-53f0d1be2b63,-75,0
1599650063.4274735,015bc7e7-2a5b-4b4e-9160-53f0d1be2b63,-67,1
1599650063.690175,015bc7e7-2a5b-4b4e-9160-53f0d1be2b63,-66,2
1599650063.8320816,015bc7e7-2a5b-4b4e-9160-53f0d1be2b63,-73,3
1599650063.9734504,015bc7e7-2a5b-4b4e-9160-53f0d1be2b63,-68,4
1599650064.4974103,015bc7e7-2a5b-4b4e-9160-53f0d1be2b63,-66,5
1599650065.585171,015bc7e7-2a5b-4b4e-9160-53f0d1be2b63,-67,6
1599650065.7273865,015bc7e7-2a5b-4b4e-9160-53f0d1be2b63,-75,7
1599650066.1308098,015bc7e7-2a5b-4b4e-9160-53f0d1be2b63,-67,8
1599650066.4200954,015bc7e7-2a5b-4b4e-9160-53f0d1be2b63,-77,9
1599650066.5423093,015bc7e7-2a5b-4b4e-9160-53f0d1be2b63,-67,10
1599650066.8047478,015bc7e7-2a5b-4b4e-9160-53f0d1be2b63,-66,11
1599650067.2284305,015bc7e7-2a5b-4b4e-9160-53f0d1be2b63,-77,12
1599650067.4911017,015bc7e7-2a5b-4b4e-9160-53f0d1be2b63,-78,0
1599650067.633287,015bc7e7-2a5b-4b4e-9160-53f0d1be2b63,-67,1
1599650067.7753932,015bc7e7-2a5b-4b4e-9160-53f0d1be2b63,-67,2
1599650068.0376668,015bc7e7-2a5b-4b4e-9160-53f0d1be2b63,-75,3
1599650068.1592784,015bc7e7-2a5b-4b4e-9160-53f0d1be2b63,-66,4
1599650068.4415078,015bc7e7-2a5b-4b4e-9160-53f0d1be2b63,-65,5
1599650068.7043757,015bc7e7-2a5b-4b4e-9160-53f0d1be2b63,-66,6
1599650068.9870882,015bc7e7-2a5b-4b4e-9160-53f0d1be2b63,-67,7
1599650069.1087735,015bc7e7-2a5b-4b4e-9160-53f0d1be2b63,-74,8
1599650069.2502017,015bc7e7-2a5b-4b4e-9160-53f0d1be2b63,-66,9
1599650069.3918934,015bc7e7-2a5b-4b4e-9160-53f0d1be2b63,-65,10
1599650069.6541421,015bc7e7-2a5b-4b4e-9160-53f0d1be2b63,-67,11
1599650069.9367278,015bc7e7-2a5b-4b4e-9160-53f0d1be2b63,-76,12
1599650070.1991687,015bc7e7-2a5b-4b4e-9160-53f0d1be2b63,-77,0
1599650070.461957,015bc7e7-2a5b-4b4e-9160-53f0d1be2b63,-67,1
1599650070.7446806,015bc7e7-2a5b-4b4e-9160-53f0d1be2b63,-75,2
1599650071.0070968,015bc7e7-2a5b-4b4e-9160-53f0d1be2b63,-66,3
1599650071.8128674,015bc7e7-2a5b-4b4e-9160-53f0d1be2b63,-67,4
1599650071.9550705,015bc7e7-2a5b-4b4e-9160-53f0d1be2b63,-76,5
1599650072.2374983,015bc7e7-2a5b-4b4e-9160-53f0d1be2b63,-78,6
1599650072.5200572,015bc7e7-2a5b-4b4e-9160-53f0d1be2b63,-68,7
1599650073.04425,015bc7e7-2a5b-4b4e-9160-53f0d1be2b63,-68,8
1599650073.3268998,015bc7e7-2a5b-4b4e-9160-53f0d1be2b63,-68,9
1599650073.7302601,015bc7e7-2a5b-4b4e-9160-53f0d1be2b63,-81,10
1599650074.0130959,015bc7e7-2a5b-4b4e-9160-53f0d1be2b63,-68,11
1599650074.27563,015bc7e7-2a5b-4b4e-9160-53f0d1be2b63,-68,12
1599650074.8399024,015bc7e7-2a5b-4b4e-9160-53f0d1be2b63,-77,0
1599650075.1022642,015bc7e7-2a5b-4b4e-9160-53f0d1be2b63,-75,1
1599650075.2439368,015bc7e7-2a5b-4b4e-9160-53f0d1be2b63,-67,2
1599650075.3852062,015bc7e7-2a5b-4b4e-9160-53f0d1be2b63,-75,3
1599650075.929114,015bc7e7-2a5b-4b4e-9160-53f0d1be2b63,-78,4
1599650077.1580465,015bc7e7-2a5b-4b4e-9160-53f0d1be2b63,-67,5
1599650077.3003244,015bc7e7-2a5b-4b4e-9160-53f0d1be2b63,-78,6
1599650077.4253821,015bc7e7-2a5b-4b4e-9160-53f0d1be2b63,-68,7
1599650077.56666,015bc7e7-2a5b-4b4e-9160-53f0d1be2b63,-74,8
1599650077.8490314,015bc7e7-2a5b-4b4e-9160-53f0d1be2b63,-73,9
1599650077.9705822,015bc7e7-2a5b-4b4e-9160-53f0d1be2b63,-68,10
1599650078.3939083,015bc7e7-2a5b-4b4e-9160-53f0d1be2b63,-74,11
1599650078.6564562,015bc7e7-2a5b-4b4e-9160-53f0d1be2b63,-73,12
1599650078.778217,015bc7e7-2a5b-4b4e-9160-53f0d1be2b63,-68,0
1599650078.9197476,015bc7e7-2a5b-4b4e-9160-53f0d1be2b63,-75,1
1599650079.2022192,015bc7e7-2a5b-4b4e-9160-53f0d1be2b63,-76,2
1599650079.7467916,015bc7e7-2a5b-4b4e-9160-53f0d1be2b63,-68,3
1599650079.8885705,015bc7e7-2a5b-4b4e-9160-53f0d1be2b63,-76,4
1599650080.151157,015bc7e7-2a5b-4b4e-9160-53f0d1be2b63,-77,5
1599650080.6956353,015bc7e7-2a5b-4b4e-9160-53f0d1be2b63,-76,6
1599650080.9581776,015bc7e7-2a5b-4b4e-9160-53f0d1be2b63,-77,7
1599650081.0997741,015bc7e7-2a5b-4b4e-9160-53f0d1be2b63,-69,8
1599650081.2415755,015bc7e7-2a5b-4b4e-9160-53f0d1be2b63,-75,9
1599650081.7859519,015bc7e7-2a5b-4b4e-9160-53f0d1be2b63,-69,10
1599650082.1895483,015bc7e7-2a5b-4b4e-9160-53f0d1be2b63,-76,11
1599650082.3514056,015bc7e7-2a5b-4b4e-9160-53f0d1be2b63,-76,12
1599650082.4728305,015bc7e7-2a5b-4b4e-9160-53f0d1be2b63,-77,0
1599650082.7554443,015bc7e7-2a5b-4b4e-9160-53f0d1be2b63,-69,1
1599650083.0183654,015bc7e7-2a5b-4b4e-9160-53f0d1be2b63,-69,2
1599650083.2829325,015bc7e7-2a5b-4b4e-9160-53f0d1be2b63,-69,3
1599650083.424067,015bc7e7-2a5b-4b4e-9160-53f0d1be2b63,-74,4
1599650083.544915,015bc7e7-2a5b-4b4e-9160-53f0d1be2b63,-69,5
1599650083.6857672,015bc7e7-2a5b-4b4e-9160-53f0d1be2b63,-79,6
1599650084.0878856,015bc7e7-2a5b-4b4e-9160-53f0d1be2b63,-69,7
1599650084.7727103,015bc7e7-2a5b-4b4e-9160-53f0d1be2b63,-77,8
1599650085.0552561,015bc7e7-2a5b-4b4e-9160-53f0d1be2b63,-69,9
1599650085.1969316,015bc7e7-2a5b-4b4e-9160-53f0d1be2b63,-77,10
1599650085.3183913,015bc7e7-2a5b-4b4e-9160-53f0d1be2b63,-70,11
1599650085.4597042,015bc7e7-2a5b-4b4e-9160-53f0d1be2b63,-80,12
1599650085.7419338,015bc7e7-2a5b-4b4e-9160-53f0d1be2b63,-77,0
1599650086.0245037,015bc7e7-2a5b-4b4e-9160-53f0d1be2b63,-68,1
1599650086.1661074,015bc7e7-2a5b-4b4e-9160-53f0d1be2b63,-78,2
1599650086.569105,015bc7e7-2a5b-4b4e-9160-53f0d1be2b63,-78,3
1599650086.7109888,015bc7e7-2a5b-4b4e-9160-53f0d1be2b63,-68,4
1599650087.254951,015bc7e7-2a5b-4b4e-9160-53f0d1be2b63,-69,5
1599650087.9204872,015bc7e7-2a5b-4b4e-9160-53f0d1be2b63,-68,6
1599650088.2032158,015bc7e7-2a5b-4b4e-9160-53f0d1be2b63,-77,7
1599650088.4656844,015bc7e7-2a5b-4b4e-9160-53f0d1be2b63,-69,8
1599650088.6075275,015bc7e7-2a5b-4b4e-9160-53f0d1be2b63,-76,9
1599650088.889961,015bc7e7-2a5b-4b4e-9160-53f0d1be2b63,-77,10
1599650089.434288,015bc7e7-2a5b-4b4e-9160-53f0d1be2b63,-70,11
1599650089.9791887,015bc7e7-2a5b-4b4e-9160-53f0d1be2b63,-69,12
1599650090.5041337,015bc7e7-2a5b-4b4e-9160-53f0d1be2b63,-68,0
1599650090.788372,015bc7e7-2a5b-4b4e-9160-53f0d1be2b63,-69,1
1599650091.050755,015bc7e7-2a5b-4b4e-9160-53f0d1be2b63,-69,2
1599650091.3334467,015bc7e7-2a5b-4b4e-9160-53f0d1be2b63,-70,3
1599650091.595958,015bc7e7-2a5b-4b4e-9160-53f0d1be2b63,-68,4
1599650091.8585215,015bc7e7-2a5b-4b4e-9160-53f0d1be2b63,-69,5
1599650092.5641768,015bc7e7-2a5b-4b4e-9160-53f0d1be2b63,-68,6
1599650092.9678173,015bc7e7-2a5b-4b4e-9160-53f0d1be2b63,-69,7
1599650093.7743807,015bc7e7-2a5b-4b4e-9160-53f0d1be2b63,-69,8
1599650094.0572944,015bc7e7-2a5b-4b4e-9160-53f0d1be2b63,-68,9
1599650094.1994197,015bc7e7-2a5b-4b4e-9160-53f0d1be2b63,-80,10
1599650094.321444,015bc7e7-2a5b-4b4e-9160-53f0d1be2b63,-69,11
1599650094.6039486,015bc7e7-2a5b-4b4e-9160-53f0d1be2b63,-69,12
1599650094.8673096,015bc7e7-2a5b-4b4e-9160-53f0d1be2b63,-68,0
1599650095.0090303,015bc7e7-2a5b-4b4e-9160-53f0d1be2b63,-68,1
1599650095.4325495,015bc7e7-2a5b-4b4e-9160-53f0d1be2b63,-70,2
1599650096.117685,015bc7e7-2a5b-4b4e-9160-53f0d1be2b63,-69,3
1599650096.4006062,015bc7e7-2a5b-4b4e-9160-53f0d1be2b63,-71,4
1599650097.4681964,015bc7e7-2a5b-4b4e-9160-53f0d1be2b63,-71,5
1599650097.7525387,015bc7e7-2a5b-4b4e-9160-53f0d1be2b63,-70,6
1599650098.014995,015bc7e7-2a5b-4b4e-9160-53f0d1be2b63,-70,7
1599650098.156963,015bc7e7-2a5b-4b4e-9160-53f0d1be2b63,-77,8
1599650098.7010634,015bc7e7-2a5b-4b4e-9160-53f0d1be2b63,-69,9
1599650098.983804,015bc7e7-2a5b-4b4e-9160-53f0d1be2b63,-74,10
1599650099.1254377,015bc7e7-2a5b-4b4e-9160-53f0d1be2b63,-79,11
1599650099.2468672,015bc7e7-2a5b-4b4e-9160-53f0d1be2b63,-69,12
1599650099.6500945,015bc7e7-2a5b-4b4e-9160-53f0d1be2b63,-68,0
1599650099.933074,015bc7e7-2a5b-4b4e-9160-53f0d1be2b63,-69,1
1599650100.0748942,015bc7e7-2a5b-4b4e-9160-53f0d1be2b63,-78,2
1599650100.4780812,015bc7e7-2a5b-4b4e-9160-53f0d1be2b63,-68,3
1599650101.5457666,015bc7e7-2a5b-4b4e-9160-53f0d1be2b63,-71,4
1599650101.6874683,015bc7e7-2a5b-4b4e-9160-53f0d1be2b63,-79,5
1599650102.0905783,015bc7e7-2a5b-4b4e-9160-53f0d1be2b63,-71,6
1599650102.494016,015bc7e7-2a5b-4b4e-9160-53f0d1be2b63,-78,7
1599650102.6357756,015bc7e7-2a5b-4b4e-9160-53f0d1be2b63,-71,8
1599650102.8980775,015bc7e7-2a5b-4b4e-9160-53f0d1be2b63,-70,9
1599650103.0600414,015bc7e7-2a5b-4b4e-9160-53f0d1be2b63,-70,10
1599650103.1815698,015bc7e7-2a5b-4b4e-9160-53f0d1be2b63,-69,11
1599650104.1280904,015bc7e7-2a5b-4b4e-9160-53f0d1be2b63,-71,12
1599650104.3908126,015bc7e7-2a5b-4b4e-9160-53f0d1be2b63,-83,0
1599650104.9352705,015bc7e7-2a5b-4b4e-9160-53f0d1be2b63,-68,1
1599650105.2182713,015bc7e7-2a5b-4b4e-9160-53f0d1be2b63,-69,2
1599650106.286204,015bc7e7-2a5b-4b4e-9160-53f0d1be2b63,-69,3
1599650106.5690355,015bc7e7-2a5b-4b4e-9160-53f0d1be2b63,-69,4
1599650106.8323941,015bc7e7-2a5b-4b4e-9160-53f0d1be2b63,-70,5
1599650107.6395428,015bc7e7-2a5b-4b4e-9160-53f0d1be2b63,-69,6
1599650107.9223366,015bc7e7-2a5b-4b4e-9160-53f0d1be2b63,-68,7
